username,email,password,firstname,lastname
Lee4an,s@gmail.com,1566,Nell,Head
Partypooper009,mmario@gmail.com,12345,Cullen,Bryan
Jenna1021,cmulana@gmail.com,1234568,Liberty,Albert
ALMEHZA_02,aliquet@auctornuncnulla.net,5512,Delilah,Tate
Fakehashish,Sed.neque.Sed@acfermentumvel.ca,9016,Fleur,Kline
TheeeHman,turpis.egestas.Aliquam@afeugiat.net,2975,Palmer,Franco
dontlookatme20,purus.Maecenas.libero@acturpis.edu,6626,Garrett,Gamble
dogerlove,sed@Donecelementumlorem.com,5769,Vladimir,Dodson
theblacktaco,euismod@vestibulumnec.org,2498,Maris,Jackson
idkwhattodoy,Suspendisse.non@convallisin.ca,8958,Cara,Tyler
hahahahhahelpme,nec.urna.suscipit@Aliquamultrices.edu,3663,TaShya,Petersen
The_real_Schnitzel,nunc.interdum.feugiat@auctorveliteget.org,1444,Myles,Brown
vicsloan,lectus@eu.co.uk,9357,Aristotle,Forbes
katajin31309,elit.pellentesque.a@Nullaaliquet.com,9299,Ross,Clarke
Xsxcx,luctus.et.ultrices@nec.com,4492,Sydney,Maynard
porchcoors50,Nunc@condimentumDonec.edu,6489,Brenna,Jones
idiociest,mi@dolornonummyac.co.uk,2958,Hamilton,Brock
BizzarGhostGaming,diam.luctus@fringilla.edu,4200,Wylie,Walton
AmazingDieudo,tempus.risus@auctorvelit.ca,5059,Fatima,Obrien
RayShmurda6,odio.vel@sitamet.org,9304,Eve,Lucas
Lost-n-Confused28,nulla.at.sem@commodo.edu,6496,Fleur,Walsh
GrimmMarshal,molestie@amet.com,2178,Anthony,Oconnor
inception73,Aenean.egestas@viverraMaecenas.ca,5359,Rose,Jordan
Rahulkumar18,in.lobortis@nullavulputate.com,1402,Hayfa,Adams
MBSUPERSPAZZ,dolor.Fusce.mi@Phasellusdolorelit.co.uk,4193,Uta,Greer
eriktheredhead,libero.Donec.consectetuer@metusAliquam.ca,3155,Quon,Puckett
randomstuff063,id.magna@acturpisegestas.ca,8123,Hoyt,Rush
llIlIllilIlllI,dignissim.tempor@turpis.co.uk,9380,Mia,Burris
pego_tinn,arcu.Vestibulum.ante@ultricesVivamus.org,3111,Thane,Hall
whoisthatgirl1,sem.vitae.aliquam@utcursusluctus.com,9193,Melanie,Pitts
jtothew,pharetra@nasceturridiculus.com,1816,Rowan,Wolfe
PrettyGarden,eleifend.vitae@velarcu.com,5726,Vernon,Vang
onstarcraft,malesuada.id@egestasDuisac.co.uk,1746,TaShya,Hobbs
ablogotrip9,consectetuer.rhoncus@scelerisquenequeNullam.co.uk,8095,Finn,Byers
toxicdogg13,velit.eu@neque.ca,2584,Mollie,Rush
CaseyNeistatsHEAD,felis.ullamcorper.viverra@necdiamDuis.co.uk,2961,Lee,Brewer
neetro,id.ante.dictum@Curabitur.co.uk,3120,Martina,Camacho
linuxismylyf,Nulla.facilisis.Suspendisse@ridiculusmus.com,4223,Jennifer,Weiss
OblitusSumMori,ante.Maecenas.mi@malesuadafames.ca,1730,Kylee,Zimmerman
BreatheTheVoodoo,quis@amet.ca,6703,Paki,Orr
jason8001,elit.Nulla@Praesentinterdum.org,1126,Zachary,Wiley
Athronoak,Nulla.tempor.augue@afelis.co.uk,7950,Buffy,Gibbs
SniperGodShino,netus.et.malesuada@dictumplacerataugue.co.uk,1380,Kirsten,Hicks
PyroFromTheMoon,sit.amet.diam@Donec.net,8315,Germaine,Buckner
2Gunz1,diam.luctus.lobortis@malesuadaiderat.net,3228,Martina,Tate
Mortalia,lobortis.quam@fermentumvel.org,6969,McKenzie,Hutchinson
astromoco,vitae@accumsanlaoreet.co.uk,5789,Debra,Osborne
SuperBellV,sapien.Cras@diamvel.com,7670,Adele,Watts
jedaisaboteur,mus.Donec.dignissim@cursuspurus.edu,3995,Clio,Jennings
jSqaur3,nibh@nonvestibulum.ca,2384,Angela,Hart
Gunman862,Nulla.eu@nonegestasa.co.uk,3335,Aristotle,Barrera
sk8v,sit.amet@ametultriciessem.com,2216,Beau,Hendricks
wufstreetart,tortor@dictumplacerataugue.ca,6390,Michael,Burgess
C_Tommy_Howell,libero@Utsemperpretium.ca,8549,Clark,Blankenship
cyborgnick,fringilla@ametrisusDonec.org,3697,Marny,Savage
marvelheroesfan,tempus.eu@gravida.net,1908,Lani,Mercado
miurte,pede@adipiscinglobortis.org,9659,Myra,Williams
GrowUpBeARealMan,congue@ornare.com,2698,Xanthus,Montoya
2ndPhoneAccount,montes.nascetur.ridiculus@cursusin.co.uk,7455,Suki,Sanders
fuckthatracistshit,Suspendisse.aliquet.sem@tortornibh.edu,9917,Marvin,Pruitt
carolsatkin,ornare@gravidamolestiearcu.org,3030,Kelsie,Wallace
woodlark14,Etiam.bibendum@magnased.ca,7633,Ayanna,Buckley
PhyterJet,fringilla.ornare.placerat@placerat.com,5968,Salvador,Avery
UziFoo,risus.Donec.egestas@arcuSedet.net,4274,Quintessa,Kelly
Acerdrive,lectus@elitAliquamauctor.org,8214,Channing,Larsen
iamthehyneman,Nulla.aliquet.Proin@placeratvelit.edu,5753,Kelly,Quinn
GhettoBenz,tellus@non.com,3856,Travis,Peters
d123pw,gravida@vehiculaaliquet.ca,7152,Adele,Juarez
GimmedatpizzaSWAG,lectus.a.sollicitudin@a.co.uk,5787,Dennis,Heath
MegaMuffinz,ornare@nisimagna.ca,6483,Kirestin,Rosales
gilly65,gravida.Praesent@nisiCumsociis.org,4775,Armando,Church
CandyAndCyanide,Nunc.sollicitudin.commodo@tellusnonmagna.edu,4627,Ross,Ross
NoScope57,tristique.pharetra@imperdietdictummagna.com,2654,Devin,Poole
sarahben3t,aliquet.magna@Nullam.co.uk,5863,Joy,Kerr
funknwagnelsw,mauris@nisiAenean.ca,6688,Uta,Figueroa
Det_Smeg_Smegma,fermentum@tellus.com,1148,Autumn,Evans
highflying,quam.Curabitur.vel@maurisMorbi.org,5336,Macey,Willis
thezengrenadier,vitae@nonenim.net,6410,Jermaine,Norman
lotreman,Praesent@enimMauris.net,4060,Arden,Vang
Beaker184,non.bibendum@lacusQuisqueimperdiet.com,3396,Rosalyn,Slater
CraigAtWork_,augue.id@leoCras.co.uk,8905,Yasir,Santana
Shoulditeachphysed,luctus@ipsum.edu,2489,Alexa,Mathis
wannab33,nisi@a.co.uk,1617,Ori,Cardenas
Drhouse89,Vestibulum.ante@Maurisut.ca,4799,Buckminster,Paul
Hachecode,Curabitur.ut@euismodmauriseu.co.uk,4953,Thomas,Cain
watisthis112,euismod.enim@congueelitsed.net,4573,Libby,Mcknight
refundme22,Duis.mi@faucibus.edu,7598,Nasim,Lynn
T-rabbit,augue.Sed.molestie@ut.ca,1952,Rebekah,Wiggins
thoughtswillwonder,neque@placerateget.net,5834,Yael,Haney
PerryCox_MD,hymenaeos.Mauris.ut@faucibusMorbivehicula.ca,4985,Carolyn,Carlson
blackntasty,vel@penatibusetmagnis.net,4078,Abel,Moon
FireyShitBucket,risus.Donec@arcu.net,1189,Roary,Pickett
ILiveInACup,lorem.semper.auctor@ut.com,3111,Beverly,Noel
Mike_Martz,Pellentesque@iderat.co.uk,3027,Brendan,Sellers
DeadGrimmy,Pellentesque.ut@et.net,4036,Cora,Roman
Bnicoletti,turpis@Maurisnulla.net,1644,Hilary,Black
ashadds,Pellentesque.ut@duiinsodales.com,8356,Sheila,Moore
ferry_01,Aliquam@acurna.net,3648,Mason,Ayala
Tux922,luctus.ut@justofaucibuslectus.com,8589,Kaden,Ford
