pop,26546
dance pop,15244
rock,11162
rap,9698
pop rap,7675
latin,6609
contemporary country,6005
hip hop,5805
post-teen pop,5599
modern rock,5503
alternative metal,4395
reggaeton,4368
pop rock,4291
trap,4199
latin pop,4136
german hip hop,3675
permanent wave,3614
country road,3553
pop dance,3498
electropop,3415
edm,3208
mellow gold,3154
r&b,3136
k-pop,2925
trap latino,2760
classic rock,2734
canadian pop,2657
melodic rap,2533
southern hip hop,2388
nu metal,2281
electro house,2246
sertanejo universitario,2220
uk pop,2207
tropical house,2194
urban contemporary,2187
psychedelic rock,2175
hoerspiel,2104
underground hip hop,2066
album rock,2028
neo mellow,2005
country,1957
europop,1879
k-pop boy group,1805
soft rock,1739
french hip hop,1716
hard rock,1652
puerto rican pop,1593
regional mexican,1588
classical,1583
mexican pop,1550
alternative rock,1535
viral pop,1505
east coast hip hop,1499
gangster rap,1419
boy band,1291
singer-songwriter,1290
NULL,1277
quiet storm,1244
latin hip hop,1240
francoton,1219
indie poptimism,1206
chicago rap,1205
ranchera,1194
rap metal,1187
talent show,1164
atl hip hop,1164
piano rock,1164
post-grunge,1158
colombian pop,1153
beatlesque,1144
soul,1133
alternative r&b,1113
folk rock,1110
glam rock,1080
sertanejo,1069
soundtrack,1067
neo soul,1061
latin arena pop,1053
british invasion,1042
alternative hip hop,1038
country dawn,1028
modern alternative rock,995
modern country rock,966
pop urbaine,953
reggaeton colombiano,951
memphis hip hop,949
country rock,948
ohio hip hop,918
kleine hoerspiel,896
florida rap,862
conscious hip hop,861
bachata,857
miami hip hop,844
indie folk,841
north carolina hip hop,831
metal,831
baroque pop,830
merseybeat,801
brooklyn drill,786
vocal jazz,786
irish rock,779
tropical,777
classical era,776
emo rap,774
lullaby,774
adult standards,769
banda,766
uk hip hop,766
rap conscient,759
punk,749
danish rock,734
escape room,716
reggaeton flow,711
motown,703
spanish pop,702
vapor trap,696
art rock,685
lounge,679
rap francais,672
k-pop girl group,665
pop punk,623
sertanejo pop,618
new wave pop,617
dance rock,613
australian pop,609
swedish pop,607
dark trap,606
brill building pop,603
hollywood,601
house,600
classic soul,600
metropopolis,598
folk,597
girl group,589
philly rap,582
rap conciencia,576
easy listening,565
g funk,563
funk metal,551
indietronica,542
pop nacional,534
blues rock,533
hip pop,523
new romantic,522
mexican hip hop,519
grupera,519
christian music,518
yacht rock,517
stomp and holler,515
rap latina,513
synthpop,511
melancholia,505
heartland rock,505
danish metal,497
canadian contemporary r&b,481
corrido,470
australian hip hop,458
reggae fusion,448
new wave,439
irish singer-songwriter,438
alt z,437
memphis soul,426
rockabilly,424
world worship,423
big room,417
glee club,415
trap queen,403
indie rock,401
anime rock,371
swedish electropop,369
video game music,359
indie soul,357
progressive house,356
french pop,355
rock en espanol,353
dutch hip hop,352
cali rap,351
folk-pop,350
worship,350
italian pop,350
progressive electro house,349
a cappella,346
taiwan pop,344
cancion melodica,344
rap rock,344
ambient worship,344
toronto rap,343
jazz boom bap,343
italian opera,343
chamber pop,342
compositional ambient,342
mariachi,342
nyc rap,340
latin worship,340
roots reggae,340
pop emo,340
glam metal,340
bolero,339
chillwave,336
speedrun,333
slap house,333
forro,331
melodic metalcore,330
ccm,323
cantautor,321
post-punk,302
seattle hip hop,297
folk brasileiro,296
birmingham metal,296
edmonton indie,291
norteno,279
art pop,275
canadian rock,272
bow pop,270
canadian hip hop,269
hardcore hip hop,269
pianissimo,268
roots rock,267
urbano espanol,266
modern blues rock,265
chill pop,263
smooth jazz,262
latin rock,262
australian psych,261
jazz funk,261
old school thrash,260
melbourne bounce international,259
new orleans rap,259
trap mexicano,259
nova mpb,258
rock alternativo brasileiro,258
metalcore,258
christian alternative rock,257
grunge,257
minnesota hip hop,256
candy pop,256
reggae,255
swing,255
italian adult pop,255
meme rap,255
uk reggae,254
jazz blues,254
ska mexicano,254
post-romantic era,254
britpop,253
golden age hip hop,252
sad rap,252
socal pop punk,252
contemporary vocal jazz,251
wrestling,251
harlem renaissance,250
indie pop,250
alternative pop rock,250
barbadian pop,250
uk americana,249
plugg,249
celtic,249
jazz rap,249
chicago punk,248
future house,248
canadian punk,247
rap belge,245
lilith,241
drill,234
garage rock,232
freak folk,214
boom bap espanol,209
sheffield indie,209
stoner rock,208
modern salsa,207
dutch pop,198
spanish pop rock,195
british soul,195
latin alternative,194
disco,194
italian hip hop,193
funk,193
country pop,190
tennessee hip hop,189
emo,186
rock-and-roll,185
detroit hip hop,183
dutch rap pop,182
ninja,182
indie r&b,182
polish classical,180
houston rap,179
stomp pop,179
opm,178
filmi,178
new french touch,178
neo-psychedelic,178
west coast rap,178
shiver pop,177
social media pop,177
uk dance,177
madchester,176
j-pop,176
hard rock brasileiro,175
sunshine pop,175
pittsburgh rap,175
alternative dance,175
funk carioca,174
new rave,174
french synthpop,174
mexican classic rock,174
industrial rock,174
c-pop,173
middle earth,172
uk alternative pop,172
lo-fi indie,171
scandipop,171
g-house,171
australian rock,171
trap argentino,171
aesthetic rap,171
argentine hip hop,170
funk pop,170
reggae tuga,169
screamo,169
champeta,169
seattle indie,168
swedish metal,168
indie rock italiano,168
electric blues,168
supergroup,167
political hip hop,167
christian rock,167
neo-classical,167
anime,166
etherpop,166
danish pop,166
teen pop,166
perreo,166
dream smp,165
australian dance,164
scream rap,164
icelandic rock,164
irish pop,151
dfw rap,132
modern folk rock,130
pop reggaeton,127
stoner metal,124
lgbtq+ hip hop,115
nuevo regional mexicano,107
gruperas inmortales,104
early romantic era,104
thrash metal,103
german soundtrack,101
funk rock,100
german pop,100
post-minimalism,99
pop edm,98
lo-fi vgm,97
outlaw country,97
brighton indie,97
oxford indie,95
show tunes,95
german techno,94
pop violin,94
ska punk,94
jazz pop,94
german cloud rap,94
early modern classical,93
boston rock,93
scorecore,93
cosmic american,93
neo-synthpop,93
new jack swing,92
ska argentino,92
trap soul,92
turkish trap,92
ambient pop,92
punk blues,92
portland hip hop,92
pagode baiano,92
mandopop,91
pop argentino,91
acid rock,91
brazilian reggae,90
electronic trap,90
acoustic pop,90
australian indie folk,90
boston hip hop,90
rock nacional brasileiro,90
indie pop rap,90
sophisti-pop,89
kansas city hip hop,89
eau claire indie,89
dirty south rap,89
pixie,88
comedy rap,88
desi pop,88
detroit rock,88
neo-singer-songwriter,88
vallenato,88
la indie,88
nz pop,88
women's music,88
basshall,88
torch song,87
bubblegrunge,87
uk post-punk,87
industrial metal,87
chicago hardcore,87
rap dominicano,87
dutch edm,87
soul blues,87
new jersey rap,87
el paso indie,86
bass trap,86
electronica,86
japanese emo,86
nu-cumbia,86
classic canadian rock,86
old school hip hop,86
swedish indie pop,85
salsa,85
modern power pop,85
celtic rock,85
double drumming,84
northern irish indie,84
oakland hip hop,84
pop venezolano,84
south carolina hip hop,84
british singer-songwriter,84
sacramento indie,84
crunk,84
electroclash,84
moombahton,84
complextro,83
french shoegaze,83
trap carioca,83
post-punk argentina,83
speed metal,83
belgian edm,83
symphonic rock,83
progressive rock,83
spanish rock,82
dembow,82
new orleans jazz,82
chicago bop,81
gauze pop,17
brazilian edm,16
latin christian,16
groove metal,16
bedroom soul,16
jam band,14
turkish hip hop,13
brazilian rock,13
sleep,13
pop soul,12
zhongguo feng,12
canadian country,11
latin viral pop,11
sierreno,11
icelandic indie,11
uk metalcore,11
detroit trap,10
italian romanticism,10
belgian pop,10
rock drums,9
canadian singer-songwriter,9
acoustic cover,9
dutch house,9
israeli pop,9
modern bollywood,9
bedroom pop,9
southern soul,9
palm desert scene,9
white noise,8
viral trap,8
classic country pop,8
southern rock,8
soul jazz,8
zolo,8
electro latino,8
oklahoma country,8
eurodance,8
jazz trumpet,7
old school rap francais,7
melodic thrash,7
dixieland,7
austro-german modernism,7
dmv rap,6
hyperpop,6
german hard rock,6
indie anthem-folk,6
canadian latin,6
washington indie,6
dancehall,6
german metal,6
pop r&b,5
canadian metal,5
canadian indie,5
german rock,5
south african rock,5
indiecoustica,5
power metal,5
j-rock,5
vocal house,5
redneck,5
r&b en espanol,5
bubblegum dance,5
melbourne bounce,4
shoegaze,4
swedish synthpop,4
puerto rican rock,4
visual kei,4
baton rouge rap,4
dream pop,4
norwegian indie,4
vapor soul,4
texas country,4
rap baixada fluminense,4
hardcore punk,4
mississippi hip hop,4
chicago drill,4
venezuelan hip hop,4
swedish power metal,4
pop lgbtq+ brasileira,4
mpb,4
german drill,4
canadian pop punk,4
deep ccm,4
bachata dominicana,4
industrial,4
british folk,4
brostep,3
trance,3
cubaton,3
russian ccm,3
neue deutsche harte,3
argentine rock,3
belgian hip hop,3
belgian dance,3
sad lo-fi,3
atl trap,3
canadian electronic,3
new americana,3
canadian trap,2
uk doom metal,2
indian edm,2
art punk,2
corridos tumbados,2
trap baiano,2
swamp rock,2
progressive metal,2
uk funky,2
electra,2
nyc pop,1
latin afrobeat,1
northern soul,1
welsh metal,1
oc rap,1
trap brasileiro,1
bronx hip hop,1
sleaze rock,1
st louis rap,1
queens hip hop,1
shimmer pop,1
grave wave,1
funk ostentacao,1
disco house,1
pop house,1
anti-folk,1
rap baiano,1
electropowerpop,1
quebec indie,1
